<?xml version="1.0" encoding="UTF-8" standalone="yes"?>
<ambiscore>
	<snapshot index="stereo">
		<point>
			<number>2</number>
			<xyz>0.500000 0.866025 0.000000</xyz>
		</point>
		<point>
			<number>1</number>
			<xyz>-0.500000 0.866025 0.000000</xyz>
		</point>
	</snapshot>
	<snapshot index="wide_stereo">
		<point>
			<number>2</number>
			<xyz>0.707107 0.707107 0.000000</xyz>
		</point>
		<point>
			<number>1</number>
			<xyz>-0.707107 0.707107 0.000000</xyz>
		</point>
	</snapshot>
	<snapshot index="quadro">
		<point>
			<number>4</number>
			<xyz>0.707107 -0.707107 0.000000</xyz>
		</point>
		<point>
			<number>3</number>
			<xyz>-0.707107 -0.707107 0.000000</xyz>
		</point>
		<point>
			<number>2</number>
			<xyz>0.707107 0.707107 0.000000</xyz>
		</point>
		<point>
			<number>1</number>
			<xyz>-0.707107 0.707107 0.000000</xyz>
		</point>
	</snapshot>
	<snapshot index="fivedotone">
		<point>
			<number>4</number>
			<xyz>0.000000 0.000000 0.000000</xyz>
		</point>
		<point>
			<number>6</number>
			<xyz>0.939693 -0.342020 0.000000</xyz>
		</point>
		<point>
			<number>5</number>
			<xyz>-0.939693 -0.342020 0.000000</xyz>
		</point>
		<point>
			<number>3</number>
			<xyz>0.000000 1.000000 0.000000</xyz>
		</point>
		<point>
			<number>2</number>
			<xyz>0.500000 0.866025 0.000000</xyz>
		</point>
		<point>
			<number>1</number>
			<xyz>-0.500000 0.866025 0.000000</xyz>
		</point>
	</snapshot>
	<snapshot index="six_stereo+quadro">
		<point>
			<number>6</number>
			<xyz>0.707107 -0.707107 0.000000</xyz>
		</point>
		<point>
			<number>5</number>
			<xyz>-0.707107 -0.707107 0.000000</xyz>
		</point>
		<point>
			<number>4</number>
			<xyz>0.707107 0.707107 0.000000</xyz>
		</point>
		<point>
			<number>3</number>
			<xyz>-0.707107 0.707107 0.000000</xyz>
		</point>
		<point>
			<number>2</number>
			<xyz>0.258819 0.965926 0.000000</xyz>
		</point>
		<point>
			<number>1</number>
			<xyz>-0.258819 0.965926 0.000000</xyz>
		</point>
	</snapshot>
		<snapshot index="eight_stereo+six">
			<point>
			<number>8</number>
			<xyz>0.707107 -0.707107 0.000000</xyz>
		</point>
		<point>
			<number>7</number>
			<xyz>-0.707107 -0.707107 0.000000</xyz>
		</point>
        <point>
			<number>6</number>
			<xyz>1.000000 0.000000 0.000000</xyz>
		</point>
		<point>
			<number>5</number>
			<xyz>-1.000000 0.000000 0.000000</xyz>
		</point>
        <point>
			<number>4</number>
			<xyz>0.707107 0.707107 0.000000</xyz>
		</point>
		<point>
			<number>3</number>
			<xyz>-0.707107 0.707107 0.000000</xyz>
		</point>
		<point>
			<number>2</number>
			<xyz>0.258819 0.965926 0.000000</xyz>
		</point>
		<point>
			<number>1</number>
			<xyz>-0.258819 0.965926 0.000000</xyz>
		</point>
	</snapshot>
	<snapshot index="odd/even">
		<point>
			<number>8</number>
			<xyz>0.382683 -0.923880 0.000000</xyz>
		</point>
		<point>
			<number>7</number>
			<xyz>-0.382683 -0.923880 0.000000</xyz>
		</point>
		<point>
			<number>6</number>
			<xyz>0.923880 -0.382683 0.000000</xyz>
		</point>
		<point>
			<number>5</number>
			<xyz>-0.923880 -0.382683 0.000000</xyz>
		</point>
		<point>
			<number>4</number>
			<xyz>0.923880 0.382683 0.000000</xyz>
		</point>
		<point>
			<number>3</number>
			<xyz>-0.923880 0.382683 0.000000</xyz>
		</point>
		<point>
			<number>2</number>
			<xyz>0.382683 0.923880 0.000000</xyz>
		</point>
		<point>
			<number>1</number>
			<xyz>-0.382683 0.923880 0.000000</xyz>
		</point>
	</snapshot>
	<snapshot index="diamond">
		<point>
			<number>8</number>
			<xyz>-0.707107 0.707107 0.000000</xyz>
		</point>
		<point>
			<number>7</number>
			<xyz>-1.000000 0.000000 0.000000</xyz>
		</point>
		<point>
			<number>6</number>
			<xyz>-0.707107 -0.707107 0.000000</xyz>
		</point>
		<point>
			<number>5</number>
			<xyz>0.000000 -1.000000 0.000000</xyz>
		</point>
		<point>
			<number>4</number>
			<xyz>0.707107 -0.707107 0.000000</xyz>
		</point>
		<point>
			<number>3</number>
			<xyz>1.000000 0.000000 0.000000</xyz>
		</point>
		<point>
			<number>2</number>
			<xyz>0.707107 0.707107 0.000000</xyz>
		</point>
		<point>
			<number>1</number>
			<xyz>0.000000 1.000000 0.000000</xyz>
		</point>
	</snapshot>
</ambiscore>
